BPRNACan,BPRNACanProMet,BPRNACan3DProMet
AHSP,ACLY,ACLY
ALAS2,AGGF1,ARHGDIA
AQP9,AKT1,ARSG
ARG1,ANK1,ATG4D
AZU1,ANKS3,BCL2L2
CA1,AP3M2,BRAT1
CAMP,AP5S1,C12orf57
CEACAM3,ARHGAP9,C7orf50
CEACAM4,ARHGDIA,CAPG
CEACAM8,ARHGEF39,CBX2
CHTF8,ARSG,CD4
CLC,ATG4B,CD82
CMTM2,ATG4D,CDKN2D
CRIP1,ATP2A3,CLK4
CXCR1,BCL2L2,COPZ1
CXCR2,BEND3,CYTH1
DEFA1,BIN2,DCUN1D2
DEFA4,BRAT1,DNMBP
ELANE,C11orf42,ERI1
FCAR,C12orf57,FASN
FCGR3B,C16orf71,FOXK2
FFAR2,C7orf26,GCGR
FOLR3,C7orf50,GLS2
FPR2,CABLES2,HELZ2
FUT7,CALM2,HIST1H2AL
GATA1,CAP2,HLA-E
GLT1D1,CAPG,HSPB6
GP9,CAPN15,ICAM3
GYPB,CARD10,IGFLR1
HBD,CBX2,IQCE
HBM,CCDC106,KLHL6
HBQ1,CCDC107,LBX2
HRH2,CD320,LIN37
IL18RAP,CD4,LMBR1L
MEFV,CD82,MAFK
MGAM,CDC42EP4,MIP
MIA2,CDK11B,MLF2
MMP25,CDKN2D,MTMR14
MMP8,CDSN,MYBPC3
MPO,CEBPE,NCK2
MS4A3,CENPM,OSR1
NFE2,CGA,P4HB
NLRP12,CIB1,PPP1R27
PADI4,CITED4,PSENEN
PF4,CLK4,PTPN6
PGLYRP1,CLPTM1,RAVER1
PHOSPHO1,COMMD8,RBM23
PPBP,COPZ1,RPN1
PROK2,CORO1A,SLC16A3
PRTN3,CRNKL1,SLC16A6
RETN,CSNK2B,SPATA13
RNASE2,CTSD,SPIDR
RNASE3,CTSZ,SYNJ2
S100A12,CUL9,TLX2
SDHD,CYC1,TMCO3
SIGLEC5,CYTH1,TMEM184A
SMIM3,DCPS,TNKS1BP1
SNURF,DCUN1D2,TYK2
TREML2,DDAH2,U2AF1L4
TUBB1,DDR1,UBR5
VNN3,DHODH,WIPI1
ZDHHC19,DHTKD1,ZNF641
A2M,DIABLO,ZNF668
ABCB1,DLX2,AHSP
ABCB4,DNASE1L2,ALAS2
ABCC3,DNMBP,AQP9
ABCC6,DOK3,ARG1
ABCD2,DPCD,AZU1
ABHD15,DTNB,CA1
ABLIM1,DUS2,CAMP
ACCS,E4F1,CEACAM3
ACER1,EHMT2,CEACAM4
ACKR3,ENTPD2,CEACAM8
ACOT11,EPHX3,CHTF8
ACOT2,ERI1,CLC
ACOT4,ERI2,CMTM2
ACOX2,ESPN,CRIP1
ACPP,ETHE1,CXCR1
ACSL1,EXOSC4,CXCR2
ACSL6,FAM160A2,DEFA1
ACSM5,FAM167B,DEFA4
ACVR2A,FASN,ELANE
ADAM19,FASTK,FCAR
ADAM28,FOXK2,FCGR3B
ADAMDEC1,FYCO1,FFAR2
ADAMTS1,FZR1,FOLR3
ADAMTS10,GABRB1,FPR2
ADAMTS15,GCGR,FUT7
ADAMTS17,GGT1,GATA1
ADAMTSL4,GLB1L,GLT1D1
ADAP2,GLS2,GP9
ADARB1,GMEB2,GYPB
ADCY1,GOLGA2,HBD
ADCY3,GPAA1,HBM
ADM,GPANK1,HBQ1
ADM2,GPD2,HRH2
ADORA2B,GSG1,IL18RAP
ADORA3,HAND2,MEFV
ADRA2B,HELZ2,MGAM
AEBP1,HIST1H2AL,MIA2
AFAP1L1,HLA-E,MMP25
AFF3,HSPA9,MMP8
AGMAT,HSPB6,MPO
AHNAK,ICAM3,MS4A3
AIFM3,IGFLR1,NFE2
AK1,IKZF4,NLRP12
AK4,IL18BP,PADI4
AK5,INPP5J,PF4
AK8,IQCE,PGLYRP1
AKAP2,ITGAE,PHOSPHO1
AKAP5,ITPKC,PPBP
AKAP6,KLHDC4,PROK2
AKR1B1,KLHL6,PRTN3
ALCAM,LBX2,RETN
ALDH18A1,LIN37,RNASE2
ALDH1A1,LMBR1L,RNASE3
ALDH1B1,LOXL3,S100A12
ALDH2,LRRC32,SDHD
ALKBH8,LRTOMT,SIGLEC5
ALPK1,LTC4S,SMIM3
ALPL,LY6G6C,SNURF
AMIGO1,LY6G6D,TREML2
AMZ1,LYL1,TUBB1
ANGPT4,LYNX1,VNN3
ANK3,LYPD2,ZDHHC19
ANKEF1,MAB21L3,A2M
ANKRD13B,MADD,ABCB1
ANKRD22,MAF1,ABCB4
ANKRD55,MAFK,ABCC3
ANO5,MAML1,ABCC6
ANPEP,MAP4K2,ABCD2
ANXA1,MAP4K4,ABHD15
ANXA2,MARS,ABLIM1
ANXA3,MEN1,ACCS
APBA2,MEPCE,ACER1
APBB1,MGAT1,ACKR3
APOBEC3B,MGAT4B,ACOT11
APOC1,MIB2,ACOT2
APOC2,MIP,ACOT4
AQP3,MLF2,ACOX2
ARAP3,MLST8,ACPP
ARHGAP10,MMP23B,ACSL1
ARHGAP22,MTCH1,ACSL6
ARHGAP24,MTG1,ACSM5
ARHGAP42,MTHFD1,ACVR2A
ARHGEF10L,MTMR14,ADAM19
ARHGEF25,MUC4,ADAM28
ARHGEF28,MVD,ADAMDEC1
ARHGEF40,MYB,ADAMTS1
ARL11,MYBPC3,ADAMTS10
ARL4C,MYO1A,ADAMTS15
ARMC9,NAA40,ADAMTS17
ASCL2,NABP2,ADAMTSL4
ASGR2,NACC1,ADAP2
ATIC,NCAPD2,ADARB1
ATOH8,NCK2,ADCY1
ATP10A,NCLN,ADCY3
ATP6V0E2,NDUFS8,ADM
ATP9A,NFKBIB,ADM2
AUTS2,NKAPL,ADORA2B
AVPI1,NLRP6,ADORA3
AXIN2,NOL9,ADRA2B
B3GAT1,NOP10,AEBP1
B3GNT5,NPDC1,AFAP1L1
B3GNT7,NPEPL1,AFF3
B4GALT6,NPFF,AGMAT
BACH2,NPRL2,AHNAK
BAIAP3,NR1H3,AIFM3
BANK1,NR2F6,AK1
BASP1,NRL,AK4
BATF3,NSFL1C,AK5
BCAR1,NUMA1,AK8
BCAS4,OR52W1,AKAP2
BCAT1,OS9,AKAP5
BCL11B,OSR1,AKAP6
BCL3,P2RX4,AKR1B1
BCL7A,P4HB,ALCAM
BEND5,PACS2,ALDH18A1
BEST1,PAK2,ALDH1A1
BEX2,PAOX,ALDH1B1
BHLHE41,PAX8,ALDH2
BIN1,PCDHGB6,ALKBH8
BIRC3,PCK2,ALPK1
BLK,PDE6A,ALPL
BLMH,PDIA5,AMIGO1
BLNK,PDLIM7,AMZ1
BMS1,PENK,ANGPT4
BNC2,PHC3,ANK3
BOK,PHKG1,ANKEF1
BST1,PHLPP2,ANKRD13B
BTK,PIEZO1,ANKRD22
BTLA,PIGX,ANKRD55
BTNL8,PILRB,ANO5
C11orf45,PLA2G15,ANPEP
C12orf29,POLL,ANXA1
C17orf64,POP7,ANXA2
C1orf115,POU4F2,ANXA3
C1orf21,PPP1CA,APBA2
C1orf52,PPP1R27,APBB1
C1orf54,PRKAR2A,APOBEC3B
C1QA,PRLHR,APOC1
C1QB,PROZ,APOC2
C1QC,PSENEN,AQP3
C2,PSORS1C1,ARAP3
C20orf194,PTPN22,ARHGAP10
C22orf24,PTPN6,ARHGAP22
C3AR1,PUF60,ARHGAP24
C5AR1,RAD9A,ARHGAP42
C5AR2,RASSF1,ARHGEF10L
CA4,RAVER1,ARHGEF25
CABLES1,RBM23,ARHGEF28
CACNA2D3,RBM4B,ARHGEF40
CALHM2,RELB,ARL11
CALHM3,RELT,ARL4C
CAMK4,RHOF,ARMC9
CAPN11,RIPPLY3,ASCL2
CAPN2,RNF121,ASGR2
CAPNS2,RNF166,ATIC
CARD11,ROCK2,ATOH8
CARD9,RPN1,ATP10A
CARNS1,RTEL1,ATP6V0E2
CATSPER1,S1PR4,ATP9A
CATSPERB,SAMM50,AUTS2
CBFA2T3,SAR1A,AVPI1
CBR3,SCRIB,AXIN2
CBS,SEMA4B,B3GAT1
CCDC102A,SERPINF2,B3GNT5
CCDC112,SERPINH1,B3GNT7
CCDC136,SETD1B,B4GALT6
CCDC144A,SGSM3,BACH2
CCDC149,SGTA,BAIAP3
CCDC170,SHARPIN,BANK1
CCDC50,SHROOM1,BASP1
CCDC6,SIAH1,BATF3
CCDC65,SIM2,BCAR1
CCDC89,SIPA1L3,BCAS4
CCL1,SIRT2,BCAT1
CCL15,SLC15A3,BCL11B
CCL2,SLC16A3,BCL3
CCL22,SLC16A6,BCL7A
CCL23,SLC17A9,BEND5
CCL28,SLC19A1,BEST1
CCL5,SLC25A15,BEX2
CCL7,SLC48A1,BHLHE41
CCL8,SLC4A2,BIN1
CCM2L,SLC7A14,BIRC3
CCNA1,SLC7A6,BLK
CCND1,SMG6,BLMH
CCNJL,SNX21,BLNK
CCR3,SPATA13,BMS1
CCR4,SPIDR,BNC2
CCR5,SQSTM1,BOK
CCR7,SRCAP,BST1
CCR8,SRR,BTK
CCRL2,SSH3,BTLA
CD109,SSTR5,BTNL8
CD160,STEAP3,C11orf45
CD163,STK16,C12orf29
CD180,SUCLG2,C17orf64
CD19,SULT1A3,C1orf115
CD1A,SUOX,C1orf21
CD1C,SYCP2L,C1orf52
CD1D,SYNJ2,C1orf54
CD2,SYS1,C1QA
CD200,TARBP2,C1QB
CD22,TBC1D20,C1QC
CD226,TBX4,C2
CD244,TCIRG1,C20orf194
CD247,TEX30,C22orf24
CD27,TFDP1,C3AR1
CD276,THAP4,C5AR1
CD28,THOP1,C5AR2
CD300C,TLE6,CA4
CD300LB,TLX1,CABLES1
CD300LF,TLX2,CACNA2D3
CD33,TMCO3,CALHM2
CD36,TMEM132A,CALHM3
CD3D,TMEM14B,CAMK4
CD3E,TMEM184A,CAPN11
CD40,TMEM63C,CAPN2
CD6,TMUB1,CAPNS2
CD69,TMUB2,CARD11
CD7,TNF,CARD9
CD70,TNKS1BP1,CARNS1
CD79A,TNNC2,CATSPER1
CD79B,TPST2,CATSPERB
CD86,TRA2B,CBFA2T3
CD96,TRMT1,CBR3
CDA,TYK2,CBS
CDC42BPA,U2AF1L4,CCDC102A
CDC42BPB,U2AF2,CCDC112
CDC42BPG,UBR5,CCDC136
CDC42EP1,VASN,CCDC144A
CDC42EP5,VPS18,CCDC149
CDH23,VPS9D1,CCDC170
CDK14,VSX1,CCDC50
CDK2AP1,WDR87,CCDC6
CDKN1B,WIPI1,CCDC65
CDS1,WWP2,CCDC89
CEACAM1,XXYLT1,CCL1
CEACAM21,ZBTB12,CCL15
CEBPA,ZCWPW1,CCL2
CEBPD,ZDHHC4,CCL22
CELSR1,ZHX2,CCL23
CENPV,ZMYND10,CCL28
CERCAM,ZNF132,CCL5
CERS4,ZNF205,CCL7
CES1,ZNF276,CCL8
CFH,ZNF500,CCM2L
CFP,ZNF641,CCNA1
CH25H,ZNF668,CCND1
CHI3L1,ZNF74,CCNJL
CHIT1,ZSCAN10,CCR3
CHL1,ZSCAN18,CCR4
CHMP4C,AHSP,CCR5
CHN2,ALAS2,CCR7
CHST15,AQP9,CCR8
CIITA,ARG1,CCRL2
CISH,AZU1,CD109
CLDN23,CA1,CD160
CLEC10A,CAMP,CD163
CLEC5A,CEACAM3,CD180
CLEC6A,CEACAM4,CD19
CLEC7A,CEACAM8,CD1A
CLECL1,CHTF8,CD1C
CLIC3,CLC,CD1D
CLIC4,CMTM2,CD2
CLMN,CRIP1,CD200
CLRN3,CXCR1,CD22
CLU,CXCR2,CD226
CMSS1,DEFA1,CD244
CMTM8,DEFA4,CD247
CNIH3,ELANE,CD27
CNR1,FCAR,CD276
CNR2,FCGR3B,CD28
CNTLN,FFAR2,CD300C
CNTNAP2,FOLR3,CD300LB
CNTNAP3,FPR2,CD300LF
COBLL1,FUT7,CD33
COL19A1,GATA1,CD36
COL5A3,GLT1D1,CD3D
COL6A2,GP9,CD3E
COL8A2,GYPB,CD40
COLEC12,HBD,CD6
CPA5,HBM,CD69
CPM,HBQ1,CD7
CPNE2,HRH2,CD70
CPNE5,IL18RAP,CD79A
CR2,MEFV,CD79B
CRABP2,MGAM,CD86
CREB5,MIA2,CD96
CRIP2,MMP25,CDA
CRTAM,MMP8,CDC42BPA
CSF1,MPO,CDC42BPB
CSF1R,MS4A3,CDC42BPG
CSF3R,NFE2,CDC42EP1
CSPG4,NLRP12,CDC42EP5
CST6,PADI4,CDH23
CSTA,PF4,CDK14
CTBP2,PGLYRP1,CDK2AP1
CTNNAL1,PHOSPHO1,CDKN1B
CTSL,PPBP,CDS1
CTSV,PROK2,CEACAM1
CTSW,PRTN3,CEACAM21
CTTN,RETN,CEBPA
CX3CR1,RNASE2,CEBPD
CXADR,RNASE3,CELSR1
CXCL1,S100A12,CENPV
CXCL10,SDHD,CERCAM
CXCL16,SIGLEC5,CERS4
CXCL3,SMIM3,CES1
CXCL5,SNURF,CFH
CXCR3,TREML2,CFP
CXCR6,TUBB1,CH25H
CYB5A,VNN3,CHI3L1
CYBB,ZDHHC19,CHIT1
CYFIP1,A2M,CHL1
CYGB,ABCB1,CHMP4C
CYP19A1,ABCB4,CHN2
CYP1B1,ABCC3,CHST15
CYP27A1,ABCC6,CIITA
CYP27B1,ABCD2,CISH
CYP2U1,ABHD15,CLDN23
CYP4F3,ABLIM1,CLEC10A
DAB2,ACCS,CLEC5A
DAPK1,ACER1,CLEC6A
DCAF4,ACKR3,CLEC7A
DCHS1,ACOT11,CLECL1
DCSTAMP,ACOT2,CLIC3
DENND5B,ACOT4,CLIC4
DERL3,ACOX2,CLMN
DGAT2,ACPP,CLRN3
DGKG,ACSL1,CLU
DHRS11,ACSL6,CMSS1
DHRS3,ACSM5,CMTM8
DHRS9,ACVR2A,CNIH3
DIRAS1,ADAM19,CNR1
DIXDC1,ADAM28,CNR2
DKK3,ADAMDEC1,CNTLN
DLEU7,ADAMTS1,CNTNAP2
DLG3,ADAMTS10,CNTNAP3
DNASE1L3,ADAMTS15,COBLL1
DNASE2B,ADAMTS17,COL19A1
DNPH1,ADAMTSL4,COL5A3
DOCK3,ADAP2,COL6A2
DOCK4,ADARB1,COL8A2
DOCK5,ADCY1,COLEC12
DOK2,ADCY3,CPA5
DPH5,ADM,CPM
DPP4,ADM2,CPNE2
DPYSL2,ADORA2B,CPNE5
DSC2,ADORA3,CR2
DSEL,ADRA2B,CRABP2
DSP,AEBP1,CREB5
DST,AFAP1L1,CRIP2
DTNA,AFF3,CRTAM
DTX1,AGMAT,CSF1
DTX3,AHNAK,CSF1R
DUSP13,AIFM3,CSF3R
DYSF,AK1,CSPG4
E2F5,AK4,CST6
EBF1,AK5,CSTA
EBF4,AK8,CTBP2
EBI3,AKAP2,CTNNAL1
ECHDC2,AKAP5,CTSL
EDA,AKAP6,CTSV
EDARADD,AKR1B1,CTSW
EDN1,ALCAM,CTTN
EEPD1,ALDH18A1,CX3CR1
EFHC2,ALDH1A1,CXADR
EGFL7,ALDH1B1,CXCL1
EGR3,ALDH2,CXCL10
EIF1AX,ALKBH8,CXCL16
ELOVL3,ALPK1,CXCL3
ELOVL4,ALPL,CXCL5
EMILIN1,AMIGO1,CXCR3
EMP1,AMZ1,CXCR6
ENDOD1,ANGPT4,CYB5A
ENDOG,ANK3,CYBB
ENG,ANKEF1,CYFIP1
ENPP5,ANKRD13B,CYGB
ENTHD1,ANKRD22,CYP19A1
ENTPD1,ANKRD55,CYP1B1
EOMES,ANO5,CYP27A1
EPB41L1,ANPEP,CYP27B1
EPB41L3,ANXA1,CYP2U1
EPHA1,ANXA2,CYP4F3
EPHA4,ANXA3,DAB2
EPHX2,APBA2,DAPK1
EPPK1,APBB1,DCAF4
ESM1,APOBEC3B,DCHS1
ETNK2,APOC1,DCSTAMP
ETS1,APOC2,DENND5B
ETS2,AQP3,DERL3
EVA1C,ARAP3,DGAT2
F2R,ARHGAP10,DGKG
F2RL1,ARHGAP22,DHRS11
F3,ARHGAP24,DHRS3
F5,ARHGAP42,DHRS9
FAAH2,ARHGEF10L,DIRAS1
FABP3,ARHGEF25,DIXDC1
FABP4,ARHGEF28,DKK3
FABP5,ARHGEF40,DLEU7
FADS3,ARL11,DLG3
FAM124B,ARL4C,DNASE1L3
FAM153B,ARMC9,DNASE2B
FAM169A,ASCL2,DNPH1
FAM20A,ASGR2,DOCK3
FAM20C,ATIC,DOCK4
FAM3C,ATOH8,DOCK5
FAM49A,ATP10A,DOK2
FARP1,ATP6V0E2,DPH5
FASLG,ATP9A,DPP4
FAT4,AUTS2,DPYSL2
FBLN5,AVPI1,DSC2
FBLN7,AXIN2,DSEL
FBXL16,B3GAT1,DSP
FBXO15,B3GNT5,DST
FBXO2,B3GNT7,DTNA
FCER2,B4GALT6,DTX1
FCGR1A,BACH2,DTX3
FCGR1B,BAIAP3,DUSP13
FCGR2B,BANK1,DYSF
FCRL1,BASP1,E2F5
FCRL2,BATF3,EBF1
FCRL3,BCAR1,EBF4
FCRL5,BCAS4,EBI3
FDX1,BCAT1,ECHDC2
FFAR1,BCL11B,EDA
FGD2,BCL3,EDARADD
FGD4,BCL7A,EDN1
FGF9,BEND5,EEPD1
FGFBP2,BEST1,EFHC2
FGFRL1,BEX2,EGFL7
FHIT,BHLHE41,EGR3
FILIP1L,BIN1,EIF1AX
FKBP9,BIRC3,ELOVL3
FLRT2,BLK,ELOVL4
FN1,BLMH,EMILIN1
FOSB,BLNK,EMP1
FOSL2,BMS1,ENDOD1
FPR1,BNC2,ENDOG
FPR3,BOK,ENG
FRMD4A,BST1,ENPP5
FSCN1,BTK,ENTHD1
FXYD2,BTLA,ENTPD1
FXYD7,BTNL8,EOMES
FYN,C11orf45,EPB41L1
FZD1,C12orf29,EPB41L3
FZD2,C17orf64,EPHA1
GABRA4,C1orf115,EPHA4
GADD45GIP1,C1orf21,EPHX2
GAL,C1orf52,EPPK1
GALNT12,C1orf54,ESM1
GAPT,C1QA,ETNK2
GAS1,C1QB,ETS1
GAS6,C1QC,ETS2
GBP4,C2,EVA1C
GCA,C20orf194,F2R
GCNT4,C22orf24,F2RL1
GDF7,C3AR1,F3
GEM,C5AR1,F5
GFI1,C5AR2,FAAH2
GGACT,CA4,FABP3
GH1,CABLES1,FABP4
GIMAP5,CACNA2D3,FABP5
GIMAP7,CALHM2,FADS3
GIMAP8,CALHM3,FAM124B
GJA5,CAMK4,FAM153B
GLB1L2,CAPN11,FAM169A
GLP1R,CAPN2,FAM20A
GMPR,CAPNS2,FAM20C
GNAQ,CARD11,FAM3C
GNB4,CARD9,FAM49A
GNG12,CARNS1,FARP1
GNLY,CATSPER1,FASLG
GOLGA8A,CATSPERB,FAT4
GOLT1A,CBFA2T3,FBLN5
GPA33,CBR3,FBLN7
GPAT2,CBS,FBXL16
GPATCH4,CCDC102A,FBXO15
GPBAR1,CCDC112,FBXO2
GPC4,CCDC136,FCER2
GPD1,CCDC144A,FCGR1A
GPER1,CCDC149,FCGR1B
GPNMB,CCDC170,FCGR2B
GPR15,CCDC50,FCRL1
GPR162,CCDC6,FCRL2
GPR171,CCDC65,FCRL3
GPR174,CCDC89,FCRL5
GPR18,CCL1,FDX1
GPR27,CCL15,FFAR1
GPR84,CCL2,FGD2
GPR85,CCL22,FGD4
GPRASP1,CCL23,FGF9
GRAMD1C,CCL28,FGFBP2
GRAP2,CCL5,FGFRL1
GRASP,CCL7,FHIT
GRB10,CCL8,FILIP1L
GREM1,CCM2L,FKBP9
GRIK4,CCNA1,FLRT2
GSPT2,CCND1,FN1
GTF2H3,CCNJL,FOSB
GTF2IRD1,CCR3,FOSL2
GTSCR1,CCR4,FPR1
GUCA1A,CCR5,FPR3
GUCY2F,CCR7,FRMD4A
GZMA,CCR8,FSCN1
GZMB,CCRL2,FXYD2
GZMH,CD109,FXYD7
GZMK,CD160,FYN
H6PD,CD163,FZD1
HABP4,CD180,FZD2
HAPLN3,CD19,GABRA4
HBEGF,CD1A,GADD45GIP1
HCAR3,CD1C,GAL
HDX,CD1D,GALNT12
HEG1,CD2,GAPT
HEPACAM,CD200,GAS1
HGF,CD22,GAS6
HHEX,CD226,GBP4
HINT2,CD244,GCA
HIP1R,CD247,GCNT4
HIST1H3G,CD27,GDF7
HK2,CD276,GEM
HKDC1,CD28,GFI1
HLA-DOA,CD300C,GGACT
HLA-DOB,CD300LB,GH1
HLA-DPA1,CD300LF,GIMAP5
HLA-DPB1,CD33,GIMAP7
HLA-DQA1,CD36,GIMAP8
HLA-DQA2,CD3D,GJA5
HLA-DQB2,CD3E,GLB1L2
HLX,CD40,GLP1R
HNMT,CD6,GMPR
HOMER3,CD69,GNAQ
HOOK1,CD7,GNB4
HOXB2,CD70,GNG12
HOXB3,CD79A,GNLY
HPCAL4,CD79B,GOLGA8A
HPGD,CD86,GOLT1A
HRK,CD96,GPA33
HS3ST1,CDA,GPAT2
HS3ST2,CDC42BPA,GPATCH4
HSD11B1,CDC42BPB,GPBAR1
HSD17B14,CDC42BPG,GPC4
HSH2D,CDC42EP1,GPD1
HSPA6,CDC42EP5,GPER1
HSPB1,CDH23,GPNMB
HSPH1,CDK14,GPR15
HTRA1,CDK2AP1,GPR162
HYKK,CDKN1B,GPR171
ICAM4,CDS1,GPR174
ICAM5,CEACAM1,GPR18
ID1,CEACAM21,GPR27
IDO1,CEBPA,GPR84
IER3IP1,CEBPD,GPR85
IFITM1,CELSR1,GPRASP1
IFNG,CENPV,GRAMD1C
IFNGR2,CERCAM,GRAP2
IGFBP3,CERS4,GRASP
IGFBP4,CES1,GRB10
IGFBP6,CFH,GREM1
IGFBP7,CFP,GRIK4
IGSF9B,CH25H,GSPT2
IKZF2,CHI3L1,GTF2H3
IKZF3,CHIT1,GTF2IRD1
IL10,CHL1,GTSCR1
IL12A,CHMP4C,GUCA1A
IL12RB1,CHN2,GUCY2F
IL12RB2,CHST15,GZMA
IL13RA1,CIITA,GZMB
IL17RB,CISH,GZMH
IL18,CLDN23,GZMK
IL18R1,CLEC10A,H6PD
IL1A,CLEC5A,HABP4
IL1R2,CLEC6A,HAPLN3
IL1RN,CLEC7A,HBEGF
IL23A,CLECL1,HCAR3
IL27RA,CLIC3,HDX
IL32,CLIC4,HEG1
IL6,CLMN,HEPACAM
IL6R,CLRN3,HGF
IL7R,CLU,HHEX
INF2,CMSS1,HINT2
INSL3,CMTM8,HIP1R
IPCEF1,CNIH3,HIST1H3G
IQSEC2,CNR1,HK2
IRAK3,CNR2,HKDC1
IRF5,CNTLN,HLA-DOA
IRF8,CNTNAP2,HLA-DOB
IRGQ,CNTNAP3,HLA-DPA1
IRS1,COBLL1,HLA-DPB1
ISM1,COL19A1,HLA-DQA1
ITGA1,COL5A3,HLA-DQA2
ITGA2B,COL6A2,HLA-DQB2
ITGA3,COL8A2,HLX
ITGA6,COLEC12,HNMT
ITGB5,CPA5,HOMER3
ITGB7,CPM,HOOK1
ITGB8,CPNE2,HOXB2
ITK,CPNE5,HOXB3
ITM2A,CR2,HPCAL4
ITPR1,CRABP2,HPGD
ITPR3,CREB5,HRK
ITPRIPL1,CRIP2,HS3ST1
ITSN1,CRTAM,HS3ST2
JAG1,CSF1,HSD11B1
JAK3,CSF1R,HSD17B14
JAKMIP1,CSF3R,HSH2D
JAKMIP2,CSPG4,HSPA6
JAM3,CST6,HSPB1
JDP2,CSTA,HSPH1
JUP,CTBP2,HTRA1
KCNA3,CTNNAL1,HYKK
KCNE1,CTSL,ICAM4
KCNE3,CTSV,ICAM5
KCNF1,CTSW,ID1
KCNG1,CTTN,IDO1
KCNH3,CX3CR1,IER3IP1
KCNJ15,CXADR,IFITM1
KCNJ2,CXCL1,IFNG
KCNJ5,CXCL10,IFNGR2
KCNK13,CXCL16,IGFBP3
KCNMB1,CXCL3,IGFBP4
KCNN4,CXCL5,IGFBP6
KCNQ5,CXCR3,IGFBP7
KCTD12,CXCR6,IGSF9B
KCTD15,CYB5A,IKZF2
KHDRBS2,CYBB,IKZF3
KIAA0513,CYFIP1,IL10
KIAA1210,CYGB,IL12A
KIAA1324,CYP19A1,IL12RB1
KIAA1671,CYP1B1,IL12RB2
KIF13A,CYP27A1,IL13RA1
KIF19,CYP27B1,IL17RB
KIF21B,CYP2U1,IL18
KIF4A,CYP4F3,IL18R1
KIF5C,DAB2,IL1A
KIFC3,DAPK1,IL1R2
KIR2DL3,DCAF4,IL1RN
KIR3DL1,DCHS1,IL23A
KIR3DX1,DCSTAMP,IL27RA
KITLG,DENND5B,IL32
KLF12,DERL3,IL6
KLF8,DGAT2,IL6R
KLK4,DGKG,IL7R
KLRB1,DHRS11,INF2
KLRC1,DHRS3,INSL3
KLRC2,DHRS9,IPCEF1
KLRC3,DIRAS1,IQSEC2
KLRC4,DIXDC1,IRAK3
KLRD1,DKK3,IRF5
KLRF1,DLEU7,IRF8
KLRG1,DLG3,IRGQ
KLRK1,DNASE1L3,IRS1
KMO,DNASE2B,ISM1
KRT2,DNPH1,ITGA1
KRT23,DOCK3,ITGA2B
KRT3,DOCK4,ITGA3
KRT4,DOCK5,ITGA6
KRT78,DOK2,ITGB5
KRT86,DPH5,ITGB7
KYNU,DPP4,ITGB8
L3MBTL4,DPYSL2,ITK
LAG3,DSC2,ITM2A
LAMA5,DSEL,ITPR1
LAMB2,DSP,ITPR3
LAMB3,DST,ITPRIPL1
LAMC1,DTNA,ITSN1
LAT2,DTX1,JAG1
LAX1,DTX3,JAK3
LBH,DUSP13,JAKMIP1
LCK,DYSF,JAKMIP2
LDHAL6B,E2F5,JAM3
LDHB,EBF1,JDP2
LDHD,EBF4,JUP
LDLRAD3,EBI3,KCNA3
LDOC1,ECHDC2,KCNE1
LEF1,EDA,KCNE3
LGALS2,EDARADD,KCNF1
LGALSL,EDN1,KCNG1
LGR6,EEPD1,KCNH3
LHFPL2,EFHC2,KCNJ15
LILRA1,EGFL7,KCNJ2
LILRA2,EGR3,KCNJ5
LILRA6,EIF1AX,KCNK13
LILRB2,ELOVL3,KCNMB1
LILRB3,ELOVL4,KCNN4
LIM2,EMILIN1,KCNQ5
LIMD1,EMP1,KCTD12
LIN7A,ENDOD1,KCTD15
LINGO1,ENDOG,KHDRBS2
LINGO2,ENG,KIAA0513
LMNA,ENPP5,KIAA1210
LMO2,ENTHD1,KIAA1324
LONRF3,ENTPD1,KIAA1671
LPAR3,EOMES,KIF13A
LPCAT2,EPB41L1,KIF19
LPL,EPB41L3,KIF21B
LRFN2,EPHA1,KIF4A
LRFN4,EPHA4,KIF5C
LRG1,EPHX2,KIFC3
LRIG1,EPPK1,KIR2DL3
LRP1,ESM1,KIR3DL1
LRP3,ETNK2,KIR3DX1
LRRC25,ETS1,KITLG
LRRC4,ETS2,KLF12
LRRK1,EVA1C,KLF8
LRRK2,F2R,KLK4
LRRN3,F2RL1,KLRB1
LSR,F3,KLRC1
LTA,F5,KLRC2
LY86,FAAH2,KLRC3
LY9,FABP3,KLRC4
LY96,FABP4,KLRD1
LYN,FABP5,KLRF1
LYPD6B,FADS3,KLRG1
LYZ,FAM124B,KLRK1
MAF,FAM153B,KMO
MAFB,FAM169A,KRT2
MAGEE1,FAM20A,KRT23
MAL,FAM20C,KRT3
MAN1C1,FAM3C,KRT4
MANEAL,FAM49A,KRT78
MANSC1,FARP1,KRT86
MAOA,FASLG,KYNU
MAP2,FAT4,L3MBTL4
MAP3K9,FBLN5,LAG3
MAP4K1,FBLN7,LAMA5
MAP9,FBXL16,LAMB2
MARC1,FBXO15,LAMB3
MARCH1,FBXO2,LAMC1
MARCH9,FCER2,LAT2
MARCKS,FCGR1A,LAX1
MARCO,FCGR1B,LBH
MARVELD1,FCGR2B,LCK
MATK,FCRL1,LDHAL6B
MATN1,FCRL2,LDHB
MB21D2,FCRL3,LDHD
MBNL2,FCRL5,LDLRAD3
MBNL3,FDX1,LDOC1
MCF2L,FFAR1,LEF1
MCOLN3,FGD2,LGALS2
ME1,FGD4,LGALSL
ME3,FGF9,LGR6
MEF2C,FGFBP2,LHFPL2
MEOX1,FGFRL1,LILRA1
MERTK,FHIT,LILRA2
METTL1,FILIP1L,LILRA6
METTL7B,FKBP9,LILRB2
MFHAS1,FLRT2,LILRB3
MFSD2A,FN1,LIM2
MGAT3,FOSB,LIMD1
MICAL2,FOSL2,LIN7A
MID2,FPR1,LINGO1
MITF,FPR3,LINGO2
MKKS,FRMD4A,LMNA
MLLT3,FSCN1,LMO2
MLPH,FXYD2,LONRF3
MMD,FXYD7,LPAR3
MME,FYN,LPCAT2
MMP1,FZD1,LPL
MMP17,FZD2,LRFN2
MMP7,GABRA4,LRFN4
MMP9,GADD45GIP1,LRG1
MOB3B,GAL,LRIG1
MOGAT1,GALNT12,LRP1
MORC4,GAPT,LRP3
MPEG1,GAS1,LRRC25
MPHOSPH6,GAS6,LRRC4
MRAS,GBP4,LRRK1
MRC1,GCA,LRRK2
MRGPRF,GCNT4,LRRN3
MRPL11,GDF7,LSR
MRTO4,GEM,LTA
MS4A1,GFI1,LY86
MS4A14,GGACT,LY9
MS4A4A,GH1,LY96
MS4A6A,GIMAP5,LYN
MS4A7,GIMAP7,LYPD6B
MSANTD3,GIMAP8,LYZ
MSC,GJA5,MAF
MSI2,GLB1L2,MAFB
MSR1,GLP1R,MAGEE1
MT1E,GMPR,MAL
MT1G,GNAQ,MAN1C1
MT1H,GNB4,MANEAL
MT1M,GNG12,MANSC1
MT1X,GNLY,MAOA
MTFP1,GOLGA8A,MAP2
MTMR11,GOLT1A,MAP3K9
MTSS1,GPA33,MAP4K1
MTUS1,GPAT2,MAP9
MYBBP1A,GPATCH4,MARC1
MYBL1,GPBAR1,MARCH1
MYC,GPC4,MARCH9
MYCL,GPD1,MARCKS
MYLK,GPER1,MARCO
MYO1G,GPNMB,MARVELD1
MYO7A,GPR15,MATK
MYO7B,GPR162,MATN1
MYOF,GPR171,MB21D2
MYOZ1,GPR174,MBNL2
MZB1,GPR18,MBNL3
N4BP3,GPR27,MCF2L
NAP1L2,GPR84,MCOLN3
NAP1L3,GPR85,ME1
NCALD,GPRASP1,ME3
NCAM1,GRAMD1C,MEF2C
NCAPH,GRAP2,MEOX1
NCF2,GRASP,MERTK
NCF4,GRB10,METTL1
NCKAP1,GREM1,METTL7B
NCR1,GRIK4,MFHAS1
NCS1,GSPT2,MFSD2A
NDFIP2,GTF2H3,MGAT3
NDP,GTF2IRD1,MICAL2
NDUFAF4,GTSCR1,MID2
NEBL,GUCA1A,MITF
NECAB2,GUCY2F,MKKS
NEDD4L,GZMA,MLLT3
NEFH,GZMB,MLPH
NEK3,GZMH,MMD
NELL2,GZMK,MME
NENF,H6PD,MMP1
NEO1,HABP4,MMP17
NES,HAPLN3,MMP7
NETO1,HBEGF,MMP9
NETO2,HCAR3,MOB3B
NFAM1,HDX,MOGAT1
NFATC2,HEG1,MORC4
NFKB2,HEPACAM,MPEG1
NID1,HGF,MPHOSPH6
NINL,HHEX,MRAS
NIPAL1,HINT2,MRC1
NIPAL2,HIP1R,MRGPRF
NIPSNAP1,HIST1H3G,MRPL11
NKG7,HK2,MRTO4
NLRC4,HKDC1,MS4A1
NLRP1,HLA-DOA,MS4A14
NME8,HLA-DOB,MS4A4A
NMUR1,HLA-DPA1,MS4A6A
NOC3L,HLA-DPB1,MS4A7
NOS3,HLA-DQA1,MSANTD3
NPHP1,HLA-DQA2,MSC
NPR1,HLA-DQB2,MSI2
NPTXR,HLX,MSR1
NQO1,HNMT,MT1E
NR3C2,HOMER3,MT1G
NR4A1,HOOK1,MT1H
NR4A3,HOXB2,MT1M
NRG1,HOXB3,MT1X
NRP2,HPCAL4,MTFP1
NUPR1,HPGD,MTMR11
OAF,HRK,MTSS1
OBSL1,HS3ST1,MTUS1
OCSTAMP,HS3ST2,MYBBP1A
OLIG1,HSD11B1,MYBL1
OLR1,HSD17B14,MYC
OPHN1,HSH2D,MYCL
OPN3,HSPA6,MYLK
OR52K2,HSPB1,MYO1G
ORAI2,HSPH1,MYO7A
OSBPL10,HTRA1,MYO7B
OSBPL1A,HYKK,MYOF
OSBPL5,ICAM4,MYOZ1
OSM,ICAM5,MZB1
OTOA,ID1,N4BP3
OVOL1,IDO1,NAP1L2
OXER1,IER3IP1,NAP1L3
P2RX1,IFITM1,NCALD
P2RX5,IFNG,NCAM1
P2RY1,IFNGR2,NCAPH
P2RY10,IGFBP3,NCF2
P2RY11,IGFBP4,NCF4
P2RY12,IGFBP6,NCKAP1
P2RY13,IGFBP7,NCR1
P2RY2,IGSF9B,NCS1
PADI2,IKZF2,NDFIP2
PALLD,IKZF3,NDP
PANX2,IL10,NDUFAF4
PAPLN,IL12A,NEBL
PAQR5,IL12RB1,NECAB2
PARM1,IL12RB2,NEDD4L
PARVB,IL13RA1,NEFH
PAWR,IL17RB,NEK3
PAX5,IL18,NELL2
PC,IL18R1,NENF
PCBD1,IL1A,NEO1
PCDH1,IL1R2,NES
PCDH9,IL1RN,NETO1
PCNA,IL23A,NETO2
PCOLCE2,IL27RA,NFAM1
PCSK5,IL32,NFATC2
PDCD1LG2,IL6,NFKB2
PDE4B,IL6R,NID1
PDGFC,IL7R,NINL
PDGFRA,INF2,NIPAL1
PDGFRB,INSL3,NIPAL2
PDK4,IPCEF1,NIPSNAP1
PDLIM4,IQSEC2,NKG7
PDXP,IRAK3,NLRC4
PDZRN4,IRF5,NLRP1
PEG10,IRF8,NME8
PEPD,IRGQ,NMUR1
PERP,IRS1,NOC3L
PES1,ISM1,NOS3
PFKFB4,ITGA1,NPHP1
PFN2,ITGA2B,NPR1
PGBD5,ITGA3,NPTXR
PHACTR1,ITGA6,NQO1
PHLDA2,ITGB5,NR3C2
PHLDA3,ITGB7,NR4A1
PHLDB2,ITGB8,NR4A3
PI16,ITK,NRG1
PID1,ITM2A,NRP2
PIK3AP1,ITPR1,NUPR1
PIR,ITPR3,OAF
PITPNM2,ITPRIPL1,OBSL1
PJA1,ITSN1,OCSTAMP
PKD2L1,JAG1,OLIG1
PKHD1L1,JAK3,OLR1
PKIB,JAKMIP1,OPHN1
PLA2G4A,JAKMIP2,OPN3
PLA2G7,JAM3,OR52K2
PLAC8,JDP2,ORAI2
PLAU,JUP,OSBPL10
PLBD1,KCNA3,OSBPL1A
PLCH2,KCNE1,OSBPL5
PLCL1,KCNE3,OSM
PLD1,KCNF1,OTOA
PLD4,KCNG1,OVOL1
PLEK2,KCNH3,OXER1
PLEKHA1,KCNJ15,P2RX1
PLEKHA5,KCNJ2,P2RX5
PLEKHA6,KCNJ5,P2RY1
PLEKHB1,KCNK13,P2RY10
PLEKHF1,KCNMB1,P2RY11
PLEKHG1,KCNN4,P2RY12
PLEKHG4,KCNQ5,P2RY13
PLTP,KCTD12,P2RY2
PLXDC1,KCTD15,PADI2
PLXNA1,KHDRBS2,PALLD
PLXNB2,KIAA0513,PANX2
PNMA3,KIAA1210,PAPLN
PNOC,KIAA1324,PAQR5
PNPLA3,KIAA1671,PARM1
POU2AF1,KIF13A,PARVB
POU6F1,KIF19,PAWR
PPIC,KIF21B,PAX5
PPM1F,KIF4A,PC
PPM1H,KIF5C,PCBD1
PPP1R14C,KIFC3,PCDH1
PPP1R16B,KIR2DL3,PCDH9
PPP2R2B,KIR3DL1,PCNA
PRAM1,KIR3DX1,PCOLCE2
PRF1,KITLG,PCSK5
PRKAR2B,KLF12,PDCD1LG2
PRKCA,KLF8,PDE4B
PRKCH,KLK4,PDGFC
PRKCQ,KLRB1,PDGFRA
PRMT6,KLRC1,PDGFRB
PROCR,KLRC2,PDK4
PRR7,KLRC3,PDLIM4
PRRG4,KLRC4,PDXP
PRSS22,KLRD1,PDZRN4
PRSS23,KLRF1,PEG10
PSAT1,KLRG1,PEPD
PSTPIP2,KLRK1,PERP
PTGDR,KMO,PES1
PTGDS,KRT2,PFKFB4
PTGER2,KRT23,PFN2
PTGFRN,KRT3,PGBD5
PTGS2,KRT4,PHACTR1
PTK2,KRT78,PHLDA2
PTMS,KRT86,PHLDA3
PTPRK,KYNU,PHLDB2
PTPRM,L3MBTL4,PI16
PTPRO,LAG3,PID1
PTX3,LAMA5,PIK3AP1
PVR,LAMB2,PIR
PXDC1,LAMB3,PITPNM2
PXN,LAMC1,PJA1
PYGL,LAT2,PKD2L1
PYHIN1,LAX1,PKHD1L1
QPCT,LBH,PKIB
QRSL1,LCK,PLA2G4A
QSOX2,LDHAL6B,PLA2G7
RAB13,LDHB,PLAC8
RAB31,LDHD,PLAU
RAB32,LDLRAD3,PLBD1
RAB39A,LDOC1,PLCH2
RAB39B,LEF1,PLCL1
RAB42,LGALS2,PLD1
RAMP1,LGALSL,PLD4
RAPGEF3,LGR6,PLEK2
RAPGEF5,LHFPL2,PLEKHA1
RARRES1,LILRA1,PLEKHA5
RASGEF1B,LILRA2,PLEKHA6
RASGRF1,LILRA6,PLEKHB1
RASGRF2,LILRB2,PLEKHF1
RASGRP1,LILRB3,PLEKHG1
RASGRP2,LIM2,PLEKHG4
RASGRP3,LIMD1,PLTP
RASL11B,LIN7A,PLXDC1
RASSF4,LINGO1,PLXNA1
RBM47,LINGO2,PLXNB2
RBP7,LMNA,PNMA3
RCAN3,LMO2,PNOC
RCN1,LONRF3,PNPLA3
RCVRN,LPAR3,POU2AF1
RDH14,LPCAT2,POU6F1
REM2,LPL,PPIC
RET,LRFN2,PPM1F
RGL1,LRFN4,PPM1H
RGS16,LRG1,PPP1R14C
RGS20,LRIG1,PPP1R16B
RGS9,LRP1,PPP2R2B
RHBDF1,LRP3,PRAM1
RHOH,LRRC25,PRF1
RHOU,LRRC4,PRKAR2B
RIC3,LRRK1,PRKCA
RIN2,LRRK2,PRKCH
RLN1,LRRN3,PRKCQ
RLN2,LSR,PRMT6
RNF128,LTA,PROCR
RNF157,LY86,PRR7
RNF217,LY9,PRRG4
RORA,LY96,PRSS22
RPGRIP1,LYN,PRSS23
RPH3A,LYPD6B,PSAT1
RPP25,LYZ,PSTPIP2
RPS6KA5,MAF,PTGDR
RRAGD,MAFB,PTGDS
RRP15,MAGEE1,PTGER2
RRP9,MAL,PTGFRN
RRS1,MAN1C1,PTGS2
RSC1A1,MANEAL,PTK2
RTKN,MANSC1,PTMS
RTN1,MAOA,PTPRK
RTN4R,MAP2,PTPRM
RUSC2,MAP3K9,PTPRO
S100A1,MAP4K1,PTX3
S100A16,MAP9,PVR
S100Z,MARC1,PXDC1
S1PR1,MARCH1,PXN
S1PR3,MARCH9,PYGL
S1PR5,MARCKS,PYHIN1
SALL2,MARCO,QPCT
SAMD3,MARVELD1,QRSL1
SAMD4A,MATK,QSOX2
SARS2,MATN1,RAB13
SCARF1,MB21D2,RAB31
SCG5,MBNL2,RAB32
SCML1,MBNL3,RAB39A
SCN3A,MCF2L,RAB39B
SDC2,MCOLN3,RAB42
SDC4,ME1,RAMP1
SDK2,ME3,RAPGEF3
SDR42E1,MEF2C,RAPGEF5
SDSL,MEOX1,RARRES1
SEC14L2,MERTK,RASGEF1B
SEMA3G,METTL1,RASGRF1
SEMA4C,METTL7B,RASGRF2
SERPINA1,MFHAS1,RASGRP1
SERPINE1,MFSD2A,RASGRP2
SERPINF1,MGAT3,RASGRP3
SGMS2,MICAL2,RASL11B
SGPP2,MID2,RASSF4
SH2D1A,MITF,RBM47
SH2D1B,MKKS,RBP7
SH2D2A,MLLT3,RCAN3
SH2D3A,MLPH,RCN1
SH3TC1,MMD,RCVRN
SHANK3,MME,RDH14
SHB,MMP1,REM2
SIDT1,MMP17,RET
SIGLEC10,MMP7,RGL1
SIGLEC7,MMP9,RGS16
SIPA1L2,MOB3B,RGS20
SIRPD,MOGAT1,RGS9
SIT1,MORC4,RHBDF1
SKAP1,MPEG1,RHOH
SLA2,MPHOSPH6,RHOU
SLAIN1,MRAS,RIC3
SLAMF1,MRC1,RIN2
SLAMF6,MRGPRF,RLN1
SLAMF9,MRPL11,RLN2
SLC11A1,MRTO4,RNF128
SLC12A7,MS4A1,RNF157
SLC14A1,MS4A14,RNF217
SLC15A2,MS4A4A,RORA
SLC16A10,MS4A6A,RPGRIP1
SLC16A11,MS4A7,RPH3A
SLC1A3,MSANTD3,RPP25
SLC22A15,MSC,RPS6KA5
SLC22A16,MSI2,RRAGD
SLC22A17,MSR1,RRP15
SLC22A4,MT1E,RRP9
SLC24A4,MT1G,RRS1
SLC25A24,MT1H,RSC1A1
SLC25A4,MT1M,RTKN
SLC25A43,MT1X,RTN1
SLC25A48,MTFP1,RTN4R
SLC2A6,MTMR11,RUSC2
SLC30A4,MTSS1,S100A1
SLC38A1,MTUS1,S100A16
SLC38A11,MYBBP1A,S100Z
SLC39A8,MYBL1,S1PR1
SLC45A3,MYC,S1PR3
SLC45A4,MYCL,S1PR5
SLC46A2,MYLK,SALL2
SLC4A4,MYO1G,SAMD3
SLC51B,MYO7A,SAMD4A
SLC5A5,MYO7B,SARS2
SLC6A12,MYOF,SCARF1
SLC7A7,MYOZ1,SCG5
SLC8A1,MZB1,SCML1
SLC9A2,N4BP3,SCN3A
SLCO2B1,NAP1L2,SDC2
SLCO3A1,NAP1L3,SDC4
SLCO4A1,NCALD,SDK2
SLITRK4,NCAM1,SDR42E1
SLPI,NCAPH,SDSL
SMAD1,NCF2,SEC14L2
SMYD5,NCF4,SEMA3G
SNED1,NCKAP1,SEMA4C
SNPH,NCR1,SERPINA1
SNX25,NCS1,SERPINE1
SOAT1,NDFIP2,SERPINF1
SOCS2,NDP,SGMS2
SOCS6,NDUFAF4,SGPP2
SOGA1,NEBL,SH2D1A
SORL1,NECAB2,SH2D1B
SORT1,NEDD4L,SH2D2A
SOWAHC,NEFH,SH2D3A
SOX8,NEK3,SH3TC1
SPARC,NELL2,SHANK3
SPATA5,NENF,SHB
SPATA9,NEO1,SIDT1
SPEG,NES,SIGLEC10
SPI1,NETO1,SIGLEC7
SPIB,NETO2,SIPA1L2
SPIN4,NFAM1,SIRPD
SPINK2,NFATC2,SIT1
SPINT2,NFKB2,SKAP1
SPOCK2,NID1,SLA2
SPP1,NINL,SLAIN1
SPR,NIPAL1,SLAMF1
SPRY4,NIPAL2,SLAMF6
SPSB1,NIPSNAP1,SLAMF9
SRCIN1,NKG7,SLC11A1
SRD5A3,NLRC4,SLC12A7
SRGAP1,NLRP1,SLC14A1
SSTR2,NME8,SLC15A2
SSTR3,NMUR1,SLC16A10
ST14,NOC3L,SLC16A11
ST18,NOS3,SLC1A3
ST3GAL5,NPHP1,SLC22A15
ST3GAL6,NPR1,SLC22A16
ST6GALNAC1,NPTXR,SLC22A17
ST6GALNAC2,NQO1,SLC22A4
ST6GALNAC4,NR3C2,SLC24A4
ST6GALNAC6,NR4A1,SLC25A24
ST8SIA1,NR4A3,SLC25A4
STAB1,NRG1,SLC25A43
STAP1,NRP2,SLC25A48
STARD8,NUPR1,SLC2A6
STEAP4,OAF,SLC30A4
STOM,OBSL1,SLC38A1
STRBP,OCSTAMP,SLC38A11
STRIP2,OLIG1,SLC39A8
SUCNR1,OLR1,SLC45A3
SULF2,OPHN1,SLC45A4
SULT1A1,OPN3,SLC46A2
SULT1B1,OR52K2,SLC4A4
SULT1C2,ORAI2,SLC51B
SUN1,OSBPL10,SLC5A5
SUSD4,OSBPL1A,SLC6A12
SWAP70,OSBPL5,SLC7A7
SYDE2,OSM,SLC8A1
SYK,OTOA,SLC9A2
SYNE2,OVOL1,SLCO2B1
SYNPO,OXER1,SLCO3A1
SYT17,P2RX1,SLCO4A1
SYTL2,P2RX5,SLITRK4
TAF4B,P2RY1,SLPI
TBC1D12,P2RY10,SMAD1
TBC1D9,P2RY11,SMYD5
TBX21,P2RY12,SNED1
TC2N,P2RY13,SNPH
TCEA3,P2RY2,SNX25
TCF4,PADI2,SOAT1
TCF7,PALLD,SOCS2
TCL1A,PANX2,SOCS6
TCN1,PAPLN,SOGA1
TCN2,PAQR5,SORL1
TDO2,PARM1,SORT1
TESPA1,PARVB,SOWAHC
TGFBI,PAWR,SOX8
TGFBR3,PAX5,SPARC
TGM2,PC,SPATA5
THBD,PCBD1,SPATA9
THG1L,PCDH1,SPEG
TIAM1,PCDH9,SPI1
TIE1,PCNA,SPIB
TIGIT,PCOLCE2,SPIN4
TIMP2,PCSK5,SPINK2
TIMP3,PDCD1LG2,SPINT2
TIMP4,PDE4B,SPOCK2
TJP3,PDGFC,SPP1
TKTL1,PDGFRA,SPR
TKTL2,PDGFRB,SPRY4
TLR10,PDK4,SPSB1
TLR4,PDLIM4,SRCIN1
TLR5,PDXP,SRD5A3
TLR7,PDZRN4,SRGAP1
TLR8,PEG10,SSTR2
TM4SF19,PEPD,SSTR3
TMEM123,PERP,ST14
TMEM154,PES1,ST18
TMEM176A,PFKFB4,ST3GAL5
TMEM176B,PFN2,ST3GAL6
TMEM204,PGBD5,ST6GALNAC1
TMEM30A,PHACTR1,ST6GALNAC2
TMEM30B,PHLDA2,ST6GALNAC4
TMEM37,PHLDA3,ST6GALNAC6
TMEM51,PHLDB2,ST8SIA1
TMEM86A,PI16,STAB1
TMTC2,PID1,STAP1
TNC,PIK3AP1,STARD8
TNFAIP2,PIR,STEAP4
TNFAIP6,PITPNM2,STOM
TNFRSF10C,PJA1,STRBP
TNFRSF11A,PKD2L1,STRIP2
TNFRSF13C,PKHD1L1,SUCNR1
TNFRSF21,PKIB,SULF2
TNFRSF25,PLA2G4A,SULT1A1
TNFRSF8,PLA2G7,SULT1B1
TNFSF13,PLAC8,SULT1C2
TNFSF14,PLAU,SUN1
TNFSF15,PLBD1,SUSD4
TNFSF9,PLCH2,SWAP70
TNIP3,PLCL1,SYDE2
TNK1,PLD1,SYK
TNNC1,PLD4,SYNE2
TNNI2,PLEK2,SYNPO
TNNT3,PLEKHA1,SYT17
TNS3,PLEKHA5,SYTL2
TOX,PLEKHA6,TAF4B
TP53I3,PLEKHB1,TBC1D12
TPD52,PLEKHF1,TBC1D9
TPD52L1,PLEKHG1,TBX21
TRABD2A,PLEKHG4,TC2N
TRAT1,PLTP,TCEA3
TREM1,PLXDC1,TCF4
TREM2,PLXNA1,TCF7
TRHDE,PLXNB2,TCL1A
TRIB1,PNMA3,TCN1
TRIB2,PNOC,TCN2
TRIM32,PNPLA3,TDO2
TRIM47,POU2AF1,TESPA1
TRIM54,POU6F1,TGFBI
TRIM7,PPIC,TGFBR3
TRMT5,PPM1F,TGM2
TRPM8,PPM1H,THBD
TRUB2,PPP1R14C,THG1L
TSFM,PPP1R16B,TIAM1
TSHZ2,PPP2R2B,TIE1
TSKU,PRAM1,TIGIT
TSPAN18,PRF1,TIMP2
TSPYL2,PRKAR2B,TIMP3
TSPYL5,PRKCA,TIMP4
TTC16,PRKCH,TJP3
TTC24,PRKCQ,TKTL1
TTN,PRMT6,TKTL2
TUBB6,PROCR,TLR10
TYMS,PRR7,TLR4
TYROBP,PRRG4,TLR5
UBASH3A,PRSS22,TLR7
UBE2E2,PRSS23,TLR8
UBXN10,PSAT1,TM4SF19
UCHL1,PSTPIP2,TMEM123
UGGT2,PTGDR,TMEM154
UGT8,PTGDS,TMEM176A
UPK3A,PTGER2,TMEM176B
UQCC2,PTGFRN,TMEM204
URB1,PTGS2,TMEM30A
USP2,PTK2,TMEM30B
UST,PTMS,TMEM37
UTP20,PTPRK,TMEM51
VASH1,PTPRM,TMEM86A
VAV3,PTPRO,TMTC2
VCAN,PTX3,TNC
VEGFA,PVR,TNFAIP2
VENTX,PXDC1,TNFAIP6
VIPR1,PXN,TNFRSF10C
VLDLR,PYGL,TNFRSF11A
VNN1,PYHIN1,TNFRSF13C
VPREB3,QPCT,TNFRSF21
WDFY3,QRSL1,TNFRSF25
WDFY4,QSOX2,TNFRSF8
WDR54,RAB13,TNFSF13
WFIKKN2,RAB31,TNFSF14
WLS,RAB32,TNFSF15
WNT7A,RAB39A,TNFSF9
XCL1,RAB39B,TNIP3
XCL2,RAB42,TNK1
XKR3,RAMP1,TNNC1
YES1,RAPGEF3,TNNI2
YPEL4,RAPGEF5,TNNT3
ZAP70,RARRES1,TNS3
ZBP1,RASGEF1B,TOX
ZBTB16,RASGRF1,TP53I3
ZBTB39,RASGRF2,TPD52
ZBTB47,RASGRP1,TPD52L1
ZC3H12C,RASGRP2,TRABD2A
ZDBF2,RASGRP3,TRAT1
ZFYVE28,RASL11B,TREM1
ZFYVE9,RASSF4,TREM2
ZNF157,RBM47,TRHDE
ZNF202,RBP7,TRIB1
ZNF22,RCAN3,TRIB2
ZNF354C,RCN1,TRIM32
ZNF366,RCVRN,TRIM47
ZNF382,RDH14,TRIM54
ZNF467,REM2,TRIM7
ZNF483,RET,TRMT5
ZNF503,RGL1,TRPM8
ZNF532,RGS16,TRUB2
ZNF594,RGS20,TSFM
ZNF667,RGS9,TSHZ2
ZNF697,RHBDF1,TSKU
ZNF703,RHOH,TSPAN18
ZNF711,RHOU,TSPYL2
ZNF827,RIC3,TSPYL5
ZNF853,RIN2,TTC16
ZNRF1,RLN1,TTC24
ZP3,RLN2,TTN
ZSWIM5,RNF128,TUBB6
ZXDA,RNF157,TYMS
ZXDB,RNF217,TYROBP
,RORA,UBASH3A
,RPGRIP1,UBE2E2
,RPH3A,UBXN10
,RPP25,UCHL1
,RPS6KA5,UGGT2
,RRAGD,UGT8
,RRP15,UPK3A
,RRP9,UQCC2
,RRS1,URB1
,RSC1A1,USP2
,RTKN,UST
,RTN1,UTP20
,RTN4R,VASH1
,RUSC2,VAV3
,S100A1,VCAN
,S100A16,VEGFA
,S100Z,VENTX
,S1PR1,VIPR1
,S1PR3,VLDLR
,S1PR5,VNN1
,SALL2,VPREB3
,SAMD3,WDFY3
,SAMD4A,WDFY4
,SARS2,WDR54
,SCARF1,WFIKKN2
,SCG5,WLS
,SCML1,WNT7A
,SCN3A,XCL1
,SDC2,XCL2
,SDC4,XKR3
,SDK2,YES1
,SDR42E1,YPEL4
,SDSL,ZAP70
,SEC14L2,ZBP1
,SEMA3G,ZBTB16
,SEMA4C,ZBTB39
,SERPINA1,ZBTB47
,SERPINE1,ZC3H12C
,SERPINF1,ZDBF2
,SGMS2,ZFYVE28
,SGPP2,ZFYVE9
,SH2D1A,ZNF157
,SH2D1B,ZNF202
,SH2D2A,ZNF22
,SH2D3A,ZNF354C
,SH3TC1,ZNF366
,SHANK3,ZNF382
,SHB,ZNF467
,SIDT1,ZNF483
,SIGLEC10,ZNF503
,SIGLEC7,ZNF532
,SIPA1L2,ZNF594
,SIRPD,ZNF667
,SIT1,ZNF697
,SKAP1,ZNF703
,SLA2,ZNF711
,SLAIN1,ZNF827
,SLAMF1,ZNF853
,SLAMF6,ZNRF1
,SLAMF9,ZP3
,SLC11A1,ZSWIM5
,SLC12A7,ZXDA
,SLC14A1,ZXDB
,SLC15A2,
,SLC16A10,
,SLC16A11,
,SLC1A3,
,SLC22A15,
,SLC22A16,
,SLC22A17,
,SLC22A4,
,SLC24A4,
,SLC25A24,
,SLC25A4,
,SLC25A43,
,SLC25A48,
,SLC2A6,
,SLC30A4,
,SLC38A1,
,SLC38A11,
,SLC39A8,
,SLC45A3,
,SLC45A4,
,SLC46A2,
,SLC4A4,
,SLC51B,
,SLC5A5,
,SLC6A12,
,SLC7A7,
,SLC8A1,
,SLC9A2,
,SLCO2B1,
,SLCO3A1,
,SLCO4A1,
,SLITRK4,
,SLPI,
,SMAD1,
,SMYD5,
,SNED1,
,SNPH,
,SNX25,
,SOAT1,
,SOCS2,
,SOCS6,
,SOGA1,
,SORL1,
,SORT1,
,SOWAHC,
,SOX8,
,SPARC,
,SPATA5,
,SPATA9,
,SPEG,
,SPI1,
,SPIB,
,SPIN4,
,SPINK2,
,SPINT2,
,SPOCK2,
,SPP1,
,SPR,
,SPRY4,
,SPSB1,
,SRCIN1,
,SRD5A3,
,SRGAP1,
,SSTR2,
,SSTR3,
,ST14,
,ST18,
,ST3GAL5,
,ST3GAL6,
,ST6GALNAC1,
,ST6GALNAC2,
,ST6GALNAC4,
,ST6GALNAC6,
,ST8SIA1,
,STAB1,
,STAP1,
,STARD8,
,STEAP4,
,STOM,
,STRBP,
,STRIP2,
,SUCNR1,
,SULF2,
,SULT1A1,
,SULT1B1,
,SULT1C2,
,SUN1,
,SUSD4,
,SWAP70,
,SYDE2,
,SYK,
,SYNE2,
,SYNPO,
,SYT17,
,SYTL2,
,TAF4B,
,TBC1D12,
,TBC1D9,
,TBX21,
,TC2N,
,TCEA3,
,TCF4,
,TCF7,
,TCL1A,
,TCN1,
,TCN2,
,TDO2,
,TESPA1,
,TGFBI,
,TGFBR3,
,TGM2,
,THBD,
,THG1L,
,TIAM1,
,TIE1,
,TIGIT,
,TIMP2,
,TIMP3,
,TIMP4,
,TJP3,
,TKTL1,
,TKTL2,
,TLR10,
,TLR4,
,TLR5,
,TLR7,
,TLR8,
,TM4SF19,
,TMEM123,
,TMEM154,
,TMEM176A,
,TMEM176B,
,TMEM204,
,TMEM30A,
,TMEM30B,
,TMEM37,
,TMEM51,
,TMEM86A,
,TMTC2,
,TNC,
,TNFAIP2,
,TNFAIP6,
,TNFRSF10C,
,TNFRSF11A,
,TNFRSF13C,
,TNFRSF21,
,TNFRSF25,
,TNFRSF8,
,TNFSF13,
,TNFSF14,
,TNFSF15,
,TNFSF9,
,TNIP3,
,TNK1,
,TNNC1,
,TNNI2,
,TNNT3,
,TNS3,
,TOX,
,TP53I3,
,TPD52,
,TPD52L1,
,TRABD2A,
,TRAT1,
,TREM1,
,TREM2,
,TRHDE,
,TRIB1,
,TRIB2,
,TRIM32,
,TRIM47,
,TRIM54,
,TRIM7,
,TRMT5,
,TRPM8,
,TRUB2,
,TSFM,
,TSHZ2,
,TSKU,
,TSPAN18,
,TSPYL2,
,TSPYL5,
,TTC16,
,TTC24,
,TTN,
,TUBB6,
,TYMS,
,TYROBP,
,UBASH3A,
,UBE2E2,
,UBXN10,
,UCHL1,
,UGGT2,
,UGT8,
,UPK3A,
,UQCC2,
,URB1,
,USP2,
,UST,
,UTP20,
,VASH1,
,VAV3,
,VCAN,
,VEGFA,
,VENTX,
,VIPR1,
,VLDLR,
,VNN1,
,VPREB3,
,WDFY3,
,WDFY4,
,WDR54,
,WFIKKN2,
,WLS,
,WNT7A,
,XCL1,
,XCL2,
,XKR3,
,YES1,
,YPEL4,
,ZAP70,
,ZBP1,
,ZBTB16,
,ZBTB39,
,ZBTB47,
,ZC3H12C,
,ZDBF2,
,ZFYVE28,
,ZFYVE9,
,ZNF157,
,ZNF202,
,ZNF22,
,ZNF354C,
,ZNF366,
,ZNF382,
,ZNF467,
,ZNF483,
,ZNF503,
,ZNF532,
,ZNF594,
,ZNF667,
,ZNF697,
,ZNF703,
,ZNF711,
,ZNF827,
,ZNF853,
,ZNRF1,
,ZP3,
,ZSWIM5,
,ZXDA,
,ZXDB,
